Title,Company,Location,URL,Source,Date
React Native Mobile Developer,ATCON GLOBAL,India,https://in.linkedin.com/jobs/view/react-native-mobile-developer-at-atcon-global-4384668144,LinkedIn,2026-03-15
Senior React Native Mobile Developer,Bitvavo,Amsterdam Netherlands,https://nl.linkedin.com/jobs/view/senior-react-native-mobile-developer-at-bitvavo-4359684645,LinkedIn,2026-03-15
React Native Developer - REMOTE,Apply4U,United Kingdom,https://uk.linkedin.com/jobs/view/react-native-developer-remote-at-apply4u-apply4u-human-assisted-ai-job-recruitment-platform-4385850607,LinkedIn,2026-03-15
Senior Developer - React/React Native,Endava,Zagreb Croatia,https://hr.linkedin.com/jobs/view/senior-developer-react-react-native-at-endava-4374650037,LinkedIn,2026-03-15
Lead React Native Developer,Inherent Technologies,Framingham MA,https://www.linkedin.com/jobs/view/lead-react-native-developer-at-inherent-technologies-4385894192,LinkedIn,2026-03-15
Full Stack Developer,Publicis Collective,New York NY,https://www.linkedin.com/jobs/view/full-stack-developer-at-publicis-collective-4362083011,LinkedIn,2026-03-15
Full-Stack Software Engineer AI,Aircall,Seattle WA,https://www.linkedin.com/jobs/view/full-stack-software-engineer-ai-at-aircall-4344934805,LinkedIn,2026-03-15
Frontend Software Engineer,Outset,San Francisco CA,https://www.linkedin.com/jobs/view/frontend-software-engineer-at-outset-4344489726,LinkedIn,2026-03-15
React Developer | Remote,Crossing Hurdles,United States,https://www.linkedin.com/jobs/view/react-developer-remote-at-crossing-hurdles-4374923142,LinkedIn,2026-03-15
AI-First Developer / Builder,GenLayer Labs,Barcelona Spain,https://es.linkedin.com/jobs/view/ai-first-developer-builder-python-full-stack-at-genlayer-labs-4385841973,LinkedIn,2026-03-15
Frontend Developer - USA,Weekday AI,New York NY,https://www.linkedin.com/jobs/view/frontend-developer-usa-at-weekday-ai-yc-w21-4385825439,LinkedIn,2026-03-15
Frontend Software Engineer - B2B Applications,OpenAI,Buffalo-Niagara Falls,https://www.linkedin.com/jobs/view/frontend-software-engineer-b2b-applications-at-openai-4344928358,LinkedIn,2026-03-15
Front End Web Developer,CoreWeave,San Francisco CA,https://www.linkedin.com/jobs/view/front-end-web-developer-at-coreweave-4383190163,LinkedIn,2026-03-15
AI Engineer (Python Gen AI),DHL,Cyberjaya Malaysia,https://my.linkedin.com/jobs/view/ai-engineer-python-gen-ai-at-dhl-4372372365,LinkedIn,2026-03-15
AI Engineer,Kforce Inc,Chantilly VA,https://www.linkedin.com/jobs/view/ai-engineer-at-kforce-inc-4354557992,LinkedIn,2026-03-15
Machine Learning Engineer Data Systems,Waymo,Mountain View CA,https://www.linkedin.com/jobs/view/machine-learning-engineer-data-systems-at-waymo-4374695018,LinkedIn,2026-03-15
Machine Learning Engineer Infrastructure,Glean,San Francisco Bay Area,https://www.linkedin.com/jobs/view/machine-learning-engineer-infrastructure-at-glean-4283317485,LinkedIn,2026-03-15
Machine Learning Engineer Agentic AI,Zillow,United States,https://www.linkedin.com/jobs/view/machine-learning-engineer-agentic-ai-at-zillow-4385528913,LinkedIn,2026-03-15
AI Software Engineer,DHL,Indore India,https://in.linkedin.com/jobs/view/ai-software-engineer-at-dhl-4377908454,LinkedIn,2026-03-15
AI-First Developer Builder,GenLayer Labs,Barcelona Spain,https://es.linkedin.com/jobs/view/ai-first-developer-builder-python-full-stack-at-genlayer-labs-4385841973,LinkedIn,2026-03-15
ML Perception Software Engineer,Applied Intuition,Sunnyvale CA,https://www.linkedin.com/jobs/view/ml-perception-software-engineer-at-applied-intuition-4019926250,LinkedIn,2026-03-15
AI/ML Engineer,Calyptus,Greater London UK,https://uk.linkedin.com/jobs/view/ai-ml-engineer-at-calyptus-4385853896,LinkedIn,2026-03-15
Machine Learning Engineer II,Uber,Seattle WA,https://www.linkedin.com/jobs/view/machine-learning-engineer-ii-at-uber-4385815798,LinkedIn,2026-03-15
AI Engineer,Alpha,Cambridge UK,https://uk.linkedin.com/jobs/view/ai-engineer-at-alpha-4383637729,LinkedIn,2026-03-15
Applied Machine Learning Engineer,DataAnnotation,United States,https://www.linkedin.com/jobs/view/applied-machine-learning-engineer-at-dataannotation-4304474164,LinkedIn,2026-03-15
ML Engineer,Jack Jill,London UK,https://uk.linkedin.com/jobs/view/ml-engineer-80k-110k-equity-at-cosine-sh-at-jack-jill-4385855527,LinkedIn,2026-03-15
AI Engineer,Biogensys,Washington DC,https://www.linkedin.com/jobs/view/ai-engineer-at-biogensys-4385880838,LinkedIn,2026-03-15
AI/ML Engineer,Cargill,Bengaluru India,https://in.linkedin.com/jobs/view/ai-ml-engineer-at-cargill-4356941506,LinkedIn,2026-03-15
AI/ML Engineer,GSK,London UK,https://uk.linkedin.com/jobs/view/ai-ml-engineer-at-gsk-4377449682,LinkedIn,2026-03-15
Software Engineer Backend,DoorDash,Toronto Canada,https://ca.linkedin.com/jobs/view/software-engineer-backend-all-levels-all-teams-at-doordash-3998438100,LinkedIn,2026-03-15
SDE-1,Amazon,Bengaluru India,https://in.linkedin.com/jobs/view/sde-1-at-amazon-4367451786,LinkedIn,2026-03-15
Software Engineer,Uber,New York NY,https://www.linkedin.com/jobs/view/software-engineer-at-uber-4385824349,LinkedIn,2026-03-15
Software Engineer I Entry Level,DoorDash,Toronto Canada,https://ca.linkedin.com/jobs/view/software-engineer-i-entry-level-graduation-date-fall-2025-summer-2026-at-doordash-4310020864,LinkedIn,2026-03-15
Software Engineer,Uber,Sunnyvale CA,https://www.linkedin.com/jobs/view/software-engineer-at-uber-4385813928,LinkedIn,2026-03-15
Software Engineer,Uber,Seattle WA,https://www.linkedin.com/jobs/view/software-engineer-at-uber-4385826301,LinkedIn,2026-03-15
New Graduate Engineer Software,SpaceX,Hawthorne CA,https://www.linkedin.com/jobs/view/new-graduate-engineer-software-at-spacex-4294664687,LinkedIn,2026-03-15
Software Engineer L4 Ads Engineering,Netflix,New York NY,https://www.linkedin.com/jobs/view/software-engineer-l4-ads-engineering-at-netflix-4352000107,LinkedIn,2026-03-15
Software Engineer,DHL,Chennai India,https://in.linkedin.com/jobs/view/software-engineer-at-dhl-4377215228,LinkedIn,2026-03-15
Junior Software Engineer,Tripadvisor,Oxford UK,https://uk.linkedin.com/jobs/view/junior-software-engineer-at-tripadvisor-4314050585,LinkedIn,2026-03-15
Software Engineer Front End,The Value Maximizer,Austin TX,https://www.linkedin.com/jobs/view/software-engineer-front-end-developer-at-the-value-maximizer-4385564864,LinkedIn,2026-03-15
Software Engineer I,Cisco,San Jose CA,https://www.linkedin.com/jobs/view/software-engineer-i-full-time-united-states-at-cisco-4367615242,LinkedIn,2026-03-15
Software Engineer,PayPal,San Jose CA,https://www.linkedin.com/jobs/view/software-engineer-at-paypal-4373723097,LinkedIn,2026-03-15
Java Software Engineer,Adyen,Bengaluru India,https://in.linkedin.com/jobs/view/java-software-engineer-alternative-and-bank-based-payments-at-adyen-4319920164,LinkedIn,2026-03-15
Junior Software Engineer,Medpace,Denver CO,https://www.linkedin.com/jobs/view/junior-software-engineer-at-medpace-4331580484,LinkedIn,2026-03-15
Software Engineer N-Tech,Netflix,United States,https://www.linkedin.com/jobs/view/software-engineer-n-tech-at-netflix-4383193035,LinkedIn,2026-03-15
Software Engineer,AndHealth,New York NY,https://www.linkedin.com/jobs/view/software-engineer-at-and-health-4385590942,LinkedIn,2026-03-15
React JS Consultant,Infosys,Hyderabad India,https://in.linkedin.com/jobs/view/react-js-consultant-at-infosys-4367037865,LinkedIn,2026-03-15
Software Engineer Backend,DoorDash,New York NY,https://www.linkedin.com/jobs/view/software-engineer-backend-all-teams-at-doordash-3999823822,LinkedIn,2026-03-15
Full Stack Developer,Publicis Collective,New York NY,https://www.linkedin.com/jobs/view/full-stack-developer-at-publicis-collective-4362083011,LinkedIn,2026-03-15
Software Engineer Distributed Systems,Apple,Cupertino CA,https://www.linkedin.com/jobs/view/software-engineer-distributed-systems-compute-platform-at-apple-4384281883,LinkedIn,2026-03-15
Software Engineer,FanDuel,New York NY,https://www.linkedin.com/jobs/view/software-engineer-at-fanduel-4367490035,LinkedIn,2026-03-15
Software Development Engineer,Adobe,San Jose CA,https://www.linkedin.com/jobs/view/software-development-engineer-at-adobe-4330361169,LinkedIn,2026-03-15
Software Engineer Frontend,DoorDash,Sunnyvale CA,https://www.linkedin.com/jobs/view/software-engineer-frontend-all-teams-at-doordash-4191613602,LinkedIn,2026-03-15
Software Engineer Java,PayPal,San Jose CA,https://www.linkedin.com/jobs/view/software-engineer-java-at-paypal-4373488980,LinkedIn,2026-03-15
Software Engineer Frontend Mapping,Lyft,Toronto Canada,https://ca.linkedin.com/jobs/view/software-engineer-frontend-mapping-experiences-at-lyft-4359459578,LinkedIn,2026-03-15
Software Engineer,Microsoft,Redmond WA,https://www.linkedin.com/jobs/view/software-engineer-at-microsoft-4385856923,LinkedIn,2026-03-15
Software Engineer Backend,PayPal,San Jose CA,https://www.linkedin.com/jobs/view/software-engineer-backend-at-paypal-4356673043,LinkedIn,2026-03-15
Founding Engineer 240k,Jack Jill,London UK,https://uk.linkedin.com/jobs/view/founding-engineer-240k-at-jack-jill-4356721592,LinkedIn,2026-03-15
Software Engineer Backend,DoorDash,San Francisco CA,https://www.linkedin.com/jobs/view/software-engineer-backend-all-teams-at-doordash-3999824848,LinkedIn,2026-03-15
Frontend Software Engineer,Outset,San Francisco CA,https://www.linkedin.com/jobs/view/frontend-software-engineer-at-outset-4344489726,LinkedIn,2026-03-15
Software Engineer Frontend,Applied Intuition,Washington DC,https://www.linkedin.com/jobs/view/software-engineer-frontend-at-applied-intuition-3960991127,LinkedIn,2026-03-15
Software Engineer Frontend,Mercor,Toronto Canada,https://ca.linkedin.com/jobs/view/software-engineer-front-end-at-mercor-4384616771,LinkedIn,2026-03-15
Software Engineer Roku TV,Roku,Austin TX,https://www.linkedin.com/jobs/view/software-engineer-roku-tv-at-roku-4294625040,LinkedIn,2026-03-15
Software Engineer FullStack,Opendoor,Seattle WA,https://www.linkedin.com/jobs/view/software-engineer-fullstack-at-opendoor-4358568570,LinkedIn,2026-03-15
Software Developer,DataAnnotation,Idaho USA,https://www.linkedin.com/jobs/view/software-developer-at-dataannotation-4304441843,LinkedIn,2026-03-15
Full Stack Developer,Publicis Collective,Birmingham MI,https://www.linkedin.com/jobs/view/full-stack-developer-at-publicis-collective-4362111262,LinkedIn,2026-03-15
Junior Software Developer,Decisions,Mumbai India,https://in.linkedin.com/jobs/view/junior-software-developer-mumbai-office-at-decisions-4359636948,LinkedIn,2026-03-15
Software Engineer II,Uber,San Francisco CA,https://www.linkedin.com/jobs/view/software-engineer-ii-at-uber-4385820552,LinkedIn,2026-03-15
Engineer,Qualcomm,Hyderabad India,https://in.linkedin.com/jobs/view/engineer-at-qualcomm-4321231965,LinkedIn,2026-03-15
Software Developer,DataAnnotation,Vermont USA,https://www.linkedin.com/jobs/view/software-developer-at-dataannotation-4304438853,LinkedIn,2026-03-15
Software Engineer Frontend,Mercor,London UK,https://uk.linkedin.com/jobs/view/software-engineer-front-end-at-mercor-4384628109,LinkedIn,2026-03-15
Software Engineer Frontend,Mercor,San Francisco CA,https://www.linkedin.com/jobs/view/software-engineer-front-end-at-mercor-4384613852,LinkedIn,2026-03-15
Software Engineer I,Cisco,Triangle NC,https://www.linkedin.com/jobs/view/software-engineer-i-full-time-united-states-at-cisco-4367617176,LinkedIn,2026-03-15
Full Stack Engineer Web Platform,Stripe,Canada,https://ca.linkedin.com/jobs/view/full-stack-engineer-web-presence-and-platform-at-stripe-4343718193,LinkedIn,2026-03-15
Software Engineer Media Encoding,Netflix,United States,https://www.linkedin.com/jobs/view/software-engineer-media-encoding-pipelines-l4-at-netflix-4373435862,LinkedIn,2026-03-15
Dashboard Software Engineer,Cisco,Bengaluru India,https://in.linkedin.com/jobs/view/dashboard-software-engineer-at-cisco-4339882934,LinkedIn,2026-03-15
Software Engineer,Microsoft,Redmond WA,https://www.linkedin.com/jobs/view/software-engineer-at-microsoft-4359962534,LinkedIn,2026-03-15
Software Engineer,FanDuel,Atlanta GA,https://www.linkedin.com/jobs/view/software-engineer-at-fanduel-4367470909,LinkedIn,2026-03-15
Software Engineer Back End,Distyl,New York NY,https://www.linkedin.com/jobs/view/software-engineer-back-end-at-distyl-4373708560,LinkedIn,2026-03-15
Software Development Engineer Backend,Siemens Energy,Orlando FL,https://www.linkedin.com/jobs/view/software-development-engineer-backend-at-siemens-energy-4331576918,LinkedIn,2026-03-15
Software Engineer Backend,Kohler Ventures,New York NY,https://www.linkedin.com/jobs/view/software-engineer-backend-kohler-ventures-at-kohler-ventures-4256089283,LinkedIn,2026-03-15
Databricks Engineer,Deloitte,Pune India,https://in.linkedin.com/jobs/view/databricks-hyderabad-bengaluru-pune-chennai-at-deloitte-4367236735,LinkedIn,2026-03-15
React Angular Developer,Infosys,Chandigarh India,https://in.linkedin.com/jobs/view/react-angular-developer-at-infosys-4367273571,LinkedIn,2026-03-15
Full Stack Developer Mid Level,Sparksoft Corporation,United States,https://www.linkedin.com/jobs/view/full-stack-developer-mid-level-at-sparksoft-corporation-4385565773,LinkedIn,2026-03-15
Frontend Developer React JS,Aptiv,Chennai India,https://in.linkedin.com/jobs/view/frontend-developer-react-js-at-aptiv-4359611316,LinkedIn,2026-03-15
Frontend Developer,Cloudesign,United States,https://www.linkedin.com/jobs/view/frontend-developer-at-cloudesign-4385857496,LinkedIn,2026-03-15
Frontend Developer,Scoutit,Pune India,https://in.linkedin.com/jobs/view/frontend-developer-at-scoutit-4384661247,LinkedIn,2026-03-15
Full Stack Developer Java React,Fractal,Bengaluru India,https://in.linkedin.com/jobs/view/full-stack-developer-role-java-react-at-fractal-4332251441,LinkedIn,2026-03-15
Backend Engineer Core Tech,Stripe,Toronto Canada,https://ca.linkedin.com/jobs/view/backend-engineer-core-tech-canada-at-stripe-4369670545,LinkedIn,2026-03-15
Front End Developer,SQUIRE,Buenos Aires Argentina,https://ar.linkedin.com/jobs/view/front-end-developer-at-squire-4385873810,LinkedIn,2026-03-15
Junior Full-Stack Developer,Taglayer,Antwerp Belgium,https://be.linkedin.com/jobs/view/junior-full-stack-developer-at-taglayer-4384634464,LinkedIn,2026-03-15
Frontend Developer USA,Weekday AI,New York NY,https://www.linkedin.com/jobs/view/frontend-developer-usa-at-weekday-ai-yc-w21-4385825439,LinkedIn,2026-03-15
Frontend Developer React,Trend4IT,Lisbon Portugal,https://pt.linkedin.com/jobs/view/frontend-developer-react-at-trend4it-4385858800,LinkedIn,2026-03-15
Frontend Developer,Syngenta,Pune India,https://in.linkedin.com/jobs/view/frontend-developer-at-syngenta-4383730018,LinkedIn,2026-03-15
Software Engineer III Fullstack,Nike,Karnataka India,https://in.linkedin.com/jobs/view/software-engineer-iii-fullstack-itc-at-nike-4367631238,LinkedIn,2026-03-15
Full Stack Engineer Link,Stripe,Toronto Canada,https://ca.linkedin.com/jobs/view/full-stack-engineer-link-at-stripe-4363631845,LinkedIn,2026-03-15
Full Stack Engineer Developer Experience,Stripe,Toronto Canada,https://ca.linkedin.com/jobs/view/full-stack-engineer-developer-experience-product-platform-at-stripe-4211730781,LinkedIn,2026-03-15
Software Engineer,NXP Semiconductors,Bengaluru India,https://in.linkedin.com/jobs/view/software-engineer-at-nxp-semiconductors-4366841984,LinkedIn,2026-03-15
React Developer Remote,Crossing Hurdles,United States,https://www.linkedin.com/jobs/view/react-developer-remote-at-crossing-hurdles-4374923142,LinkedIn,2026-03-15
Frontend Software Engineer,Outset,San Francisco CA,https://www.linkedin.com/jobs/view/frontend-software-engineer-at-outset-4344489726,LinkedIn,2026-03-15
Frontend Developer,Insly,Tallinn Estonia,https://ee.linkedin.com/jobs/view/frontend-developer-at-insly-4385822303,LinkedIn,2026-03-15
Frontend Developer,HealthStream,Nashville TN,https://www.linkedin.com/jobs/view/frontend-developer-at-healthstream-4367355616,LinkedIn,2026-03-15
Frontend Developer,Team-iT,Lisbon Portugal,https://pt.linkedin.com/jobs/view/frontend-developer-at-team-it-4385867301,LinkedIn,2026-03-15
Frontend Developer Angular Colombia,SETI S.A.S,Colombia,https://co.linkedin.com/jobs/view/desarrollador-frontend-angular-colombia-at-seti-s-a-s-4383193024,LinkedIn,2026-03-15
Front-End Software Developer Remote,Cognitive Medical Systems,Falls Church VA,https://www.linkedin.com/jobs/view/front-end-software-developer-remote-wfh-at-cognitive-medical-systems-inc-4384636125,LinkedIn,2026-03-15
Backend API Engineer Money as a Service,Stripe,New York NY,https://www.linkedin.com/jobs/view/backend-api-engineer-money-as-a-service-at-stripe-4344917131,LinkedIn,2026-03-15
Full Stack Developer,Publicis Collective,New York NY,https://www.linkedin.com/jobs/view/full-stack-developer-at-publicis-collective-4362083011,LinkedIn,2026-03-15
Full Stack Engineer Developer Experience,Stripe,Seattle WA,https://www.linkedin.com/jobs/view/full-stack-engineer-developer-experience-product-platform-at-stripe-4340718694,LinkedIn,2026-03-15
Backend Engineer Core Technology,Stripe,San Francisco CA,https://www.linkedin.com/jobs/view/backend-engineer-core-technology-at-stripe-4190706249,LinkedIn,2026-03-15
NodeJs Developer,Softtek,Bengaluru India,https://in.linkedin.com/jobs/view/nodejs-developer-at-softtek-4385846808,LinkedIn,2026-03-15
Full-Stack Software Engineer AI,Aircall,Seattle WA,https://www.linkedin.com/jobs/view/full-stack-software-engineer-ai-at-aircall-4344934805,LinkedIn,2026-03-15
Full Stack Developer,BeaconFire Inc,New Jersey USA,https://www.linkedin.com/jobs/view/full-stack-developer-at-beaconfire-inc-4381753091,LinkedIn,2026-03-15
Frontend Software Engineer II AI Journeys,Attentive,San Francisco CA,https://www.linkedin.com/jobs/view/frontend-software-engineer-ii-ai-journeys-at-attentive-4385574919,LinkedIn,2026-03-15
Full Stack Developer,Publicis Collective,Birmingham MI,https://www.linkedin.com/jobs/view/full-stack-developer-at-publicis-collective-4362111262,LinkedIn,2026-03-15
Full Stack Engineer,eBay,Toronto Canada,https://ca.linkedin.com/jobs/view/full-stack-engineer-at-ebay-4383168451,LinkedIn,2026-03-15
Fullstack Software Engineer,Gigawatt,United States,https://www.linkedin.com/jobs/view/fullstack-software-engineer-at-gigawatt-4385833663,LinkedIn,2026-03-15
Web Developer,Bizrahmed,Dubai UAE,https://ae.linkedin.com/jobs/view/web-developer-at-bizrahmed-4348616773,LinkedIn,2026-03-15
Full Stack Engineer Collaboration,Stripe,Seattle WA,https://www.linkedin.com/jobs/view/full-stack-engineer-collaboration-at-stripe-4359671226,LinkedIn,2026-03-15
Full Stack Engineer Web Platform,Stripe,Canada,https://ca.linkedin.com/jobs/view/full-stack-engineer-web-presence-and-platform-at-stripe-4343718193,LinkedIn,2026-03-15
Junior Frontend Developer Angular,Grupo Data Portugal,Lisbon Portugal,https://pt.linkedin.com/jobs/view/junior-frontend-developer-angular-at-grupo-data-portugal-4384617778,LinkedIn,2026-03-15
Reactjs Developer,Flyweis Technology,India,https://in.linkedin.com/jobs/view/reactjs-developer-at-flyweis-technology-4384652716,LinkedIn,2026-03-15
Back End Developer,Abdulaziz AlZaid,Riyadh Saudi Arabia,https://sa.linkedin.com/jobs/view/back-end-developer-at-abdulaziz-alzaid-valuation-co-4383648737,LinkedIn,2026-03-15
React JS Developer,Mundrisoft Solution,Remote,https://www.indeed.com/jobs?q=react+developer&l=Remote&vjk=696602a4ec5c0b35,Indeed,2026-03-15
ESRI React Developer,Dimia Inc,Remote,https://www.indeed.com/jobs?q=react+developer&l=Remote,Indeed,2026-03-15
Frontend Developer React Native Expo,CarPot,Remote,https://www.indeed.com/jobs?q=react+developer&l=Remote,Indeed,2026-03-15
Full Stack Developer React Node.js,Hello Innovation,Remote,https://www.indeed.com/jobs?q=react+developer&l=Remote,Indeed,2026-03-15
Front End Engineer Remote,Files.com,Remote,https://www.indeed.com/jobs?q=react+developer&l=Remote,Indeed,2026-03-15
Full Stack Engineer UI/UX Focus,Rock Partners,Remote,https://www.indeed.com/jobs?q=react+developer&l=Remote,Indeed,2026-03-15
Mid-Level Software Engineer,Adepts Solutions Inc,Remote,https://www.indeed.com/jobs?q=react+developer&l=Remote,Indeed,2026-03-15
Frontend Developer,The Avocado Group LLC,Remote,https://www.indeed.com/jobs?q=react+developer&l=Remote,Indeed,2026-03-15
React Native Developer,West Coast Consulting,Remote,https://www.indeed.com/jobs?q=react+developer&l=Remote,Indeed,2026-03-15
Frontend Developer,ACADACA,Remote,https://www.indeed.com/jobs?q=react+developer&l=Remote,Indeed,2026-03-15
Contract Frontend Developer,Sosolimited,Remote,https://www.indeed.com/jobs?q=react+developer&l=Remote,Indeed,2026-03-15
Full Stack Developer React Developer,Mobomo LLC,Remote,https://www.indeed.com/jobs?q=react+developer&l=Remote,Indeed,2026-03-15
Full Stack Developer Mid Level,Sparksoft Corporation,Remote,https://www.indeed.com/jobs?q=react+developer&l=Remote,Indeed,2026-03-15
Full Stack Developer,Sequencer,Remote,https://www.indeed.com/jobs?q=react+developer&l=Remote,Indeed,2026-03-15
Developer Laravel and React,Drupway Infotech,Remote,https://www.indeed.com/jobs?q=react+developer&l=Remote,Indeed,2026-03-15
Mid-Level React UI Developer,BNL Consulting,Remote,https://www.indeed.com/jobs?q=react+developer&l=Remote,Indeed,2026-03-15
Frontend Developer,Machinio,Remote,https://www.indeed.com/jobs?q=react+developer&l=Remote,Indeed,2026-03-15
